name,price,url
Подвесной светильник Сансет Black,3140,https://www.divan.ru/perm/product/podvesnoj-svetilnik-sanset-black
Настольная лампа Машрум Gold,3140,https://www.divan.ru/perm/product/nastolnaya-lampa-mashrum-gold
Торшер Билли Black,14690,https://www.divan.ru/perm/product/torsher-billi-black
Подвесной светильник Бабл-9,16790,https://www.divan.ru/perm/product/podvesnoj-svetilnik-babl-9
Торшер Бабл-1,6290,https://www.divan.ru/perm/product/torsher-babl-1
Подвесной светильник Бабл-3,6290,https://www.divan.ru/perm/product/podvesnoj-svetilnik-babl-3
Бра Бабл Black,1880,https://www.divan.ru/perm/product/bra-babl-black
Настольная лампа Дэнди Black,4820,https://www.divan.ru/perm/product/nastolnaya-lampa-dendi-black
Настольная лампа Дэнди White,4190,https://www.divan.ru/perm/product/nastolnaya-lampa-dendi-white
Торшер Варио White,6290,https://www.divan.ru/perm/product/torsher-vario-white
Бра Варио Black,830,https://www.divan.ru/perm/product/bra-vario-black
Бра Варио White,830,https://www.divan.ru/perm/product/bra-vario-white
Подвесной светильник Сансет White,3140,https://www.divan.ru/perm/product/podvesnoj-svetilnik-sanset-white
Подвесной светильник Кэндел Black,2720,https://www.divan.ru/perm/product/podvesnoj-svetilnik-kendel-black
Подвесной светильник Кэндел White,2090,https://www.divan.ru/perm/product/podvesnoj-svetilnik-kendel-white
Торшер Вена Beige,9020,https://www.divan.ru/perm/product/torsher-vena-beige
Настольная лампа Сфера Orange,4820,https://www.divan.ru/perm/product/nastolnaya-lampa-sfera-orange
Торшер Осло Black,15740,https://www.divan.ru/perm/product/torsher-oslo-black
Подвесной светильник Кая Black,2620,https://www.divan.ru/perm/product/podvesnoj-svetilnik-kaya-black
Торшер Вена Black,10490,https://www.divan.ru/perm/product/torsher-vena-black
Подвесной светильник Кая White,2620,https://www.divan.ru/perm/product/podvesnoj-svetilnik-kaya-white
Торшер Осло White,15740,https://www.divan.ru/perm/product/torsher-oslo-white
Настольная лампа Сканди White,4720,https://www.divan.ru/perm/product/nastolnaya-lampa-skandi-white
Настольная лампа Гровер Glass,4190,https://www.divan.ru/perm/product/nastolnaya-lampa-grover-glass
Настольная лампа Сфера Black,4190,https://www.divan.ru/perm/product/nastolnaya-lampa-sfera-black
Настольная лампа Машрум Grey,3140,https://www.divan.ru/perm/product/nastolnaya-lampa-mashrum-grey
Настольная лампа Спайк Orange,1040,https://www.divan.ru/perm/product/nastolnaya-lampa-spajk-orange
Настольная лампа Спайк Green,1040,https://www.divan.ru/perm/product/nastolnaya-lampa-spajk-green
Торшер Клауд White,14690,https://www.divan.ru/perm/product/torsher-klaud-white
Настольная лампа Клауд White,9440,https://www.divan.ru/perm/product/nastolnaya-lampa-klaud-white
Настольная лампа Рэй Black,3140,https://www.divan.ru/perm/product/nastolnaya-lampa-rej-black
Настольная лампа Рэй White,3140,https://www.divan.ru/perm/product/nastolnaya-lampa-rej-white
Торшер Рэй White,4820,https://www.divan.ru/perm/product/torsher-rej-white
Торшер Рэй Black,4820,https://www.divan.ru/perm/product/torsher-rej-black
Подвесной светильник Портланд Black,3350,https://www.divan.ru/perm/product/podvesnoj-svetilnik-portland-black
Настольная лампа Гросс White,3140,https://www.divan.ru/perm/product/nastolnaya-lampa-gross-white
Торшер Гросс White,5240,https://www.divan.ru/perm/product/torsher-gross-white
Торшер Мун Black,5240,https://www.divan.ru/perm/product/torsher-mun-black
Торшер Билли White,14690,https://www.divan.ru/perm/product/torsher-billi-white
Торшер Варио Black,6290,https://www.divan.ru/perm/product/torsher-vario-black
Настольная лампа Раффи Round,6080,https://www.divan.ru/perm/product/nastolnaya-lampa-raffi-round
Торшер Раффи Round,9340,https://www.divan.ru/perm/product/torsher-raffi-round
Бра Moderli Alina,3560,https://www.divan.ru/perm/product/bra-moderli-alina
Подвесной светильник Маро Green,12280,https://www.divan.ru/perm/product/podvesnoj-svetilnik-maro-green
Бра Tarbes-2,3460,https://www.divan.ru/perm/product/bra-tarbes-2
Светильник потолочный Matthew,5240,https://www.divan.ru/perm/product/svetilnik-potolochnyj-matthew
Настольная лампа Junior-4,3140,https://www.divan.ru/perm/product/nastolnaya-lampa-junior-4
Торшер Шани Black,11960,https://www.divan.ru/perm/product/torsher-shani-black
